{"coin":1,"playerPosX":-2.8438291549682619,"playerPosY":0.5,"playerPosZ":-4.016829490661621,"coins":[{"x":-3.2300000190734865,"y":0.8999999761581421,"z":-4.179999828338623,"isDead":true},{"x":-3.2300000190734865,"y":0.8999999761581421,"z":2.690000057220459,"isDead":false},{"x":4.329999923706055,"y":0.8999999761581421,"z":2.690000057220459,"isDead":false},{"x":4.329999923706055,"y":0.8999999761581421,"z":-4.269999980926514,"isDead":false}]}